id;name;dob;nationality
1;seize Regional;2022-09-06T07:09:23;upward-trending budgetary management
2;Customizable Investment Account array;2022-09-06T15:13:14;Orchestrator wireless Bedfordshire
3;River EXE Auto Loan Account;2022-09-06T19:43:24;Ergonomic Metrics
4;vertical;2022-09-06T10:43:50;EXE Baby
5;Kyat Peso Uruguayo Uruguay Peso en Unidades Indexadas;2022-09-06T07:14:54;synergies Guyana Dollar tertiary
6;blue;2022-09-06T09:32:45;Lodge solid state
7;West Virginia;2022-09-06T22:43:59;SAS magenta
8;Branding Keyboard;2022-09-06T12:11:59;Trail Som
9;Pike Producer;2022-09-06T10:26:01;white initiative
10;Berkshire Auto Loan Account;2022-09-06T22:10:21;Avon
