id;name;director;country;writer;duration;publish_date;content_summary
1;white interactive;user-centric technologies;Barbados;Refined Uruguay Analyst;99422;2022-09-06T14:21:08;Regional
2;Focused;Home ivory Dalasi;Central African Republic;Nicaragua;62116;2022-09-07T03:04:25;reintermediate protocol generating
3;Baby;capacitor;Argentina;distributed Rustic ability;91013;2022-09-07T01:17:35;Associate
4;open-source multi-byte Factors;grow Expanded;Solomon Islands;bandwidth-monitored Metal Savings Account;47874;2022-09-06T06:41:32;Avon adapter
5;Handcrafted Rubber Towels protocol;Synchronised Sleek Fresh Bike IB;Malaysia;Optimized;45146;2022-09-06T18:22:46;Home Loan Account
6;virtual non-volatile withdrawal;transmitting generating Alabama;Bhutan;Personal Loan Account Electronics New York;42204;2022-09-06T13:24:11;function Intelligent Fresh Keyboard
7;Facilitator;Avon background Home Loan Account;Belarus;wireless calculating;13230;2022-09-07T01:28:04;projection
8;back up sensor;Pants;Kuwait;approach Shoes deposit;35082;2022-09-06T17:07:00;Tasty User-friendly Shoes
9;Corporate bi-directional success;Handmade Granite Chair encoding rich;Samoa;Pizza;85006;2022-09-06T17:11:49;Parkway
10;Borders;Credit Card Account Buckinghamshire value-added;United Arab Emirates;Brunei Darussalam CFA Franc BEAC Intranet;4525;2022-09-06T07:10:25;Infrastructure
